{
  "project_info": {
    "project_number": "838103919027",
    "firebase_url": "https://lokido-isuru.firebaseio.com",
    "project_id": "lokido-isuru",
    "storage_bucket": "lokido-isuru.appspot.com"
  },
  "client": [
    {
      "client_info": {
        "mobilesdk_app_id": "1:838103919027:android:ee14e3bb75bbf9d9",
        "android_client_info": {
          "package_name": "com.lokido.isuru.lokido"
        }
      },
      "oauth_client": [
        {
          "client_id": "838103919027-ed583rpa4pgk6q9tv6n720f7r7e4kn58.apps.googleusercontent.com",
          "client_type": 3
        }
      ],
      "api_key": [
        {
          "current_key": "AIzaSyDcch3V_rC7aM02t0fDUMIE4DtjumA_rQw"
        }
      ],
      "services": {
        "analytics_service": {
          "status": 1
        },
        "appinvite_service": {
          "status": 1,
          "other_platform_oauth_client": []
        },
        "ads_service": {
          "status": 2
        }
      }
    }
  ],
  "configuration_version": "1"
}